NOM,PRENOM,ETUDIANTS EMAIL
YILDIZ,OLIVIER,olivier.yildiz@laposte.net
TOUCHARD,JOSETTE,josette.touchard@gmail.com
FREUND,BAPTISTE,baptiste.freund764@wanadoo.fr
MADELAINE,AH,ah.madelaine@free.fr
VILLOT,AGATHE,agathe.villot1422@free.fr
LAVIALLE,RICO,rico.lavialle5419@orange.fr
WELTER,MICHEL,michel.welter6092@free.fr
NECTOUX,JUSTE,nectoux.juste2802@free.fr
LAVENU,SUZANNE,lavenu.suzanne3726@orange.fr
MILLIEN,MARIE,marie.millien9520@orange.fr
LINARES,AH,ah.linares@gmail.com
PIGEON,ALICE,alice.pigeon12@orange.fr
JOAO,LIEN,lien.joao4380@orange.fr
LIONNET,BLANCHE,blanche.lionnet@free.fr
PORTE,ANTOINE,porte.antoine1160@gmail.com
RETHORE,AN,rethore.an7496@live.fr
PERDREAU,PAUL,paul.perdreau6237@free.fr
LE,SIMON,le.simon9875@sfr.fr
BROUDIC,BLANCHE,broudic.blanche@laposte.net
BRUYANT,PIERRE,pierre.bruyant2255@laposte.net
GEORGEL,LOUISE,louise.georgel@orange.fr
LUQUE,BLANCHE,blanche.luque9994@free.fr
HUET,SAN,huet.san8631@laposte.net
DE,RAYMOND,de.raymond@wanadoo.fr
AGGOUNE,AN,an.aggoune@sfr.fr
RAUX,MARIE,raux.marie9471@gmail.com
MALET,CHE,malet.che7326@gmail.com
DRUET,AURELIANO,aureliano.druet9441@sfr.fr
CAMBIER,CHARLES,charles.cambier1979@gmail.com
DAUMONT,AH,daumont.ah9576@gmail.com
BECHET,JUSTE,juste.bechet@orange.fr
JULIA,AN,julia.an1733@laposte.net
MERZOUGUI,NICOLE,nicole.merzougui251@orange.fr
BROCHET,PIERRE,pierre.brochet8817@free.fr
THIBURCE,JOLIE,jolie.thiburce8275@laposte.net
BELAID,LAMBERT,belaid.lambert7128@live.fr
PATRAC,SUZANNE,patrac.suzanne7059@free.fr
MOURET,CONSTANT,constant.mouret@gmail.com
ARABI,HENRIETTE,henriette.arabi3477@live.fr
MEHDAOUI,NATHALIE,mehdaoui.nathalie@free.fr
ALBERTINI,FRANCINE,albertini.francine3496@free.fr
TROUBAT,PIERRE,pierre.troubat@live.fr
CANDAS,BLANCHE,blanche.candas1300@gmail.com
GARDET,GISELLE,giselle.gardet1610@sfr.fr
TOUPIN,LAURENT,laurent.toupin149@wanadoo.fr
MORY,AH,mory.ah3500@free.fr
GOFFIN,PIERRE,goffin.pierre@laposte.net
MOUYSSET,MIGNON,mignon.mouysset1388@wanadoo.fr
BUREL,GABRIELLE,gabrielle.burel8242@wanadoo.fr
LAURE,AN,an.laure@sfr.fr
PAUWELS,OM,om.pauwels5070@wanadoo.fr
FARGEOT,AZIZA,aziza.fargeot1138@free.fr
OUDIN,FRANCINE,oudin.francine3156@wanadoo.fr
HEMBERT,HENRI,hembert.henri2993@laposte.net
DESPLANQUES,JACQUES,jacques.desplanques@sfr.fr
GULER,FLORENCE,florence.guler@gmail.com
VINEL,JULIEN,vinel.julien838@laposte.net
DECAMPS,MATHIAS,mathias.decamps8265@orange.fr
ADELINE,AH,ah.adeline766@sfr.fr
LALOUM,CHARLES,charles.laloum@sfr.fr
BROTONS,AN,brotons.an@laposte.net
BALDE,JEANNE,jeanne.balde9823@free.fr
PHAN,JURE,jure.phan7155@gmail.com
LAFOREST,ELSA,laforest.elsa4248@free.fr
REUTER,PHILIPPE,reuter.philippe@orange.fr
THIRIOT,OLIVIER,olivier.thiriot574@orange.fr
AMROUCHE,PATRICIA,patricia.amrouche6844@sfr.fr
BARBIN,MARIN,marin.barbin@free.fr
BRANCHEREAU,ALI,branchereau.ali@free.fr
CATTIAUX,COLOMBE,colombe.cattiaux@gmail.com
MATTEI,JACQUES,jacques.mattei4505@orange.fr
PAROT,PAUL,parot.paul@free.fr
BUISINE,THOMAS,thomas.buisine6039@laposte.net
MENUET,NICOLAS,menuet.nicolas709@free.fr
HUBY,LOUISE,louise.huby@wanadoo.fr
PAGNOUX,CHARLES,pagnoux.charles@free.fr
LHERITIER,KHADIJA,lheritier.khadija8244@orange.fr
ROUGE,MARIE,rouge.marie3670@sfr.fr
ESTIENNE,JAVIER,javier.estienne3881@laposte.net
MESSMER,OLIVIER,messmer.olivier6304@laposte.net
BAUDE,ADAM,adam.baude755@wanadoo.fr
DUSSOL,SIMON,dussol.simon@laposte.net
COIFFIER,MARINE,marine.coiffier1167@orange.fr
FOURRIER,MIRABELLE,fourrier.mirabellefree.fr
SEILLER,MARIN,seiller.marin6711@free.fr
HAON,MARIE,marie.haon@free.fr
FOUACHE,VICTOIRE,victoire.fouache@laposte.net
DOUDOU,ENGIN,doudou.engin7643@sfr.fr
MASSAT,CATHERINE,catherine.massat2887@free.fr
GOSSE,PHILIPPE,philippe.gosse3653@free.fr
POURCELOT,ANNA,anna.pourcelot26@free.fr
BAKARI,MARIE,marie.bakari@sfr.fr
DUARTE,FRANC,franc.duarte@orange.fr
BRIANT,ROMAN,roman.briant7689@wanadoo.fr
AVISSE,NICOLAS,avisse.nicolas194@free.fr
FURLAN,CATHERINE,furlan.catherine4983@gmail.com
LOIZEAU,SOLANGE,loizeau.solange3233@orange.fr
BEQUET,JOSEPH,joseph.bequet@free.fr
QUINQUIS,BRAS,quinquis.bras3268@sfr.fr
APPERT,CLAUDE,claude.appert1248@orange.fr
REYMANN,PAUL,reymann.paul@free.fr
LOIR,OLIVIER,loir.olivier@gmail.com
DAF,JALAL,jalal.daf4@gmail.com
AGUILLON,BRAS,bras.aguillon@laposte.net
GERAULT,MARIE,marie.gerault@gmail.com
DEFOIS,ARMAND,armand.defois8746@gmail.com
ROUGE,FRANC,rouge.franc9360@orange.fr
FLICK,SAN,san.flick@laposte.net
RIGOT,GERMAINE,rigot.germaine5845@wanadoo.fr
ARROYO,OLIVIER,arroyo.olivier5527@gmail.com
DAGUERRE,HENRI,henri.daguerre1475@live.fr
ABERKANE,HENRI,henri.aberkane@free.fr
GUIN,DANTE,guin.dante62@free.fr
BORDAS,PIERRE,bordas.pierre3390@wanadoo.fr
BOULE,MAI,mai.boule3559@gmail.com
COUDERT,CHRISTOPHE,coudert.christophe1660@laposte.net
AUGEREAU,AN,augereau.an7894@sfr.fr
FRAPPIER,MATHIAS,frappier.mathias2286@gmail.com
LE,VICTOR,victor.le@orange.fr
BENTAHAR,MARC,marc.bentahar3123@free.fr
UCAR,AH,ah.ucar5548@orange.fr
VERGER,BRAS,bras.verger9534@orange.fr
JOUEN,VIRGINIE,virginie.jouen@laposte.net
SCHWEITZER,AGATHE,schweitzer.agathe@wanadoo.fr
LEQUIEN,SUZANNE,suzanne.lequien@orange.fr
NACIRI,AN,an.naciri3682@free.fr
ROGEZ,JULIEN,julien.rogez8128@wanadoo.fr
CERVERA,JUSTE,cervera.juste@laposte.net
CORON,ROSE,coron.rose4893@wanadoo.fr
DEFORGE,MARIA,deforge.maria@free.fr
OUTIN,MARIE,marie.outin6708@free.fr
LAFLEUR,SERGE,serge.lafleur5970@sfr.fr
PAJOT,BLANCHE,blanche.pajot@gmail.com
MODESTE,JUSTE,modeste.juste2502@free.fr
PLAS,ROSE,rose.plas@orange.fr
DULONG,GEORGES,georges.dulong@live.fr
CHRISTIAENS,HEINRICH,heinrich.christiaens5814@free.fr
MEFTAH,MIGNON,mignon.meftah8046@free.fr
MORELLO,SOLANGE,solange.morello4412@wanadoo.fr
MESQUITA,AH,ah.mesquita@live.fr
CAUBET,ENRICO,enrico.caubet9546@sfr.fr
PORTE,ALBERT,albert.porte6270@free.fr
TILLARD,JULIENNE,julienne.tillard@orange.fr
HAN,COLOMBE,colombe.han6987@free.fr
DIDIERJEAN,LOUP,didierjean.loup2204@live.fr
BAUD,MALA,baud.mala@live.fr
CABANEL,BRAS,bras.cabanel3556@gmail.com
VANDEVOORDE,ANTOINETTE,antoinette.vandevoorde@orange.fr
GRANDGIRARD,LUCIE,lucie.grandgirard3591@free.fr
DELAVAULT,MANON,manon.delavault@wanadoo.fr
PENE,AN,pene.an6979@free.fr
SUIRE,JUSTE,juste.suire5053@free.fr
ALY,BRAS,bras@aly.fr
FOREST,BLANCHE,blanche.forest2242@wanadoo.fr
SUARD,VALENTINO,valentino@suard.space
BOUISSET,MARC,marc.bouisset2789@laposte.net
SANTAMARIA,CLAUDE,claude.santamaria803@gmail.com
ESTRADE,GEORGES,georges.estrade2097@gmail.com
BODARD,FABIENNE,fabienne@bodard.live
TONNELLIER,DUC,duc.tonnellier9159@free.fr
PITOIS,VIRGINIE,virginie.pitois7617@orange.fr
VITTE,PIERRE,pierre.vitte8698@gmail.com
MEURISSE,AN,an.meurisse@gmail.com
TROUILLARD,LIN,lin.trouillard8176@gmail.com
KEREBEL,VINCENT,vincent.kerebel3613@live.fr
MIGNON,THOMAS,thomas.mignon@free.fr
PRADEAU,CLARISSE,clarisse.pradeau7108@free.fr
JOBARD,EUGENIO,jobard.eugenio@wanadoo.fr
AVISSE,CLARA,clara.avisse@free.fr
BELLEGARDE,JUSTE,juste@bellegarde.fr
CHAPPUIS,JOSETTE,chappuis.josette6698@wanadoo.fr
DELCROS,ANTOINETTE,antoinette.delcros@sfr.fr
BUTEZ,MARTIN,martin.butez3683@free.fr
CARRE,MICHEL,michel.carre@orange.fr
MARTOS,SYLVAIN,sylvain.martos7808@free.fr
MERMET,ROSE,rose.mermet2475@wanadoo.fr
NURIT,JUSTE,juste.nurit1629@laposte.net
BRACONNIER,LUCILE,lucile.braconnier7807@gmail.com
THIERS,LAURENT,laurent.thiers7219@wanadoo.fr
ECKERT,LOUIS,louis.eckert2632@free.fr
BRES,REYNAUD,bres.reynaud4156@sfr.fr
RICAUD,PHILIBERT,philibert.ricaud9449@free.fr
BOUTRON,ARNAUD,boutron.arnaud@gmail.com
POUPON,AN,an.poupon4@free.fr
HUNBUN,AKIO,akio.hunbun45@laposte.net
MOULY,ELSA,mouly.elsa@wanadoo.fr
PATOUX,GERMAIN,germain.patoux@laposte.net
LABIT,CHARLOTTE,charlotte.labit9909@wanadoo.fr
SAFI,BAPTISTE,baptiste.safi9107@sfr.fr
THIRIOT,JACQUES,jacques.thiriot1484@laposte.net
GRILLON,GILBERTE,gilberte.grillon9786@sfr.fr
DUFRENOY,AN,dufrenoy.an@live.fr
LANGLADE,ANTOINE,antoine.langlade5425@free.fr
LAVIEVILLE,MARIE,marie.lavieville2508@free.fr
SEBA,MARIE,marie.seba@laposte.net
RUCH,DOMENICA,ruch.domenica7215@sfr.fr
MOLINIER,JOHANNA,johanna.molinier@free.fr
GRASSER,HANS,grasser.hans@free.fr
KELES,DOMINIQUE,keles.dominique3648@orange.fr
TARTARIN,LUIGI,luigi.tartarin9207@free.fr
BRENET,FERNANDO,fernando.brenet6943@gmail.com
KUS,AH,ah.kus4230@free.fr
BRANCOURT,LAURE,laure.brancourt2314@laposte.net
DELAFONTAINE,NATALE,delafontaine.natale@sfr.fr
COURTIN,AH,courtin.ah@free.fr
RIVAUD,MARIE,rivaud.marie@free.fr
LEGROS,AH,ah.legros9501@free.fr
HURET,IRA,ira.huret1489@gmail.com
PROT,VICTOIRE,prot.victoire@gmail.com
ZOUBIR,SIMON,simon.zoubir5199@gmail.com
GUYONNET,BRAS,bras.guyonnet7439@sfr.fr
PRIVE,JUSTE,prive.juste9159@sfr.fr
PLANCHENAULT,MIA,mia.planchenault@gmail.com
PIAT,MARIE,piat.marie5380@free.fr
TESSIER,LOURDES,lourdes.tessier4022@sfr.fr
LETELLIER,FERNAND,fernand.letellier1474@gmail.com
ROUAUD,CHARLOTTE,charlotte.rouaud803@orange.fr
MORETTO,NINON,ninon.moretto@sfr.fr
RIBEIRO,KAT,kat.ribeiro@laposte.net
JORON,AH,ah.joron@laposte.net
MERCADAL,PAULE,paule.mercadal3799@free.fr
CAPEL,JULIEN,julien.capel818@gmail.com
LORCY,SAN,san.lorcy5820@wanadoo.fr
BOURGOIN,JULIEN,bourgoin.julien7555@free.fr
MIRABEL,BLANCHE,mirabel.blanche8949@laposte.net
VALAT,AH,ah.valat5127@sfr.fr
VERLET,AGATHE,agathe.verlet3524@free.fr
DIEUMEGARD,JULIEN,julien.dieumegard435@gmail.com
JULIEN,RACHEL,rachel.julien@orange.fr
PREUX,SIMON,simon.preux4703@sfr.fr
TREGUER,LAMBERT,treguer.lambert506@orange.fr
ALEX,BLANCHE,alex.blanche2449@gmail.com
HEITZ,BRAS,bras.heitz9943@orange.fr
DUSSART,BLANCHE,dussart.blanche4616@sfr.fr
AMGHAR,ACHILLE,amghar.achille8354@free.fr
VEZIN,CATHERINE,catherine.vezin4049@gmail.com
LUCET,FATIMAH,fatimah.sylvie@gmail.com
MANSOURI,AH,ah.mansouri2559@laposte.net
ROBLES,MARIA,robles.maria7281@free.fr
LAVAUD,MARIE,marie.lavaud@orange.fr
RAVENEAU,ROGER,roger.raveneau@gmail.com
VIVET,DENIS,denis.vivet@orange.fr
BREHERET,SAN,san.breheret3498@sfr.fr
CUGNET,DAVID,david.cugnet1168@live.fr
GONTARD,BRAS,bras.gontard3189@gmail.com
REYNIER,ANGELICA,reynier.angelica1193@gmail.com
FLANDIN,FRANC,franc.flandin4190@free.fr
DELOR,VIENNE,vienne.delor@live.fr
MANSON,JOLIE,jolie@manson.fr
CORBINEAU,SARAH,sarah.corbineau@sfr.fr
BOURSIER,AGATHE,agathe.boursier1820@laposte.net
SAMAKE,ROGER,roger.samake@free.fr
PERSONNE,MARINE,marine.personne3033@sfr.fr
DEVISMES,AMINE,amine.henri6837@sfr.fr
LECORNU,AH,ah.lecornu9687@gmail.com
PALUMBO,ANNE,palumbo.anne4475@gmail.com
BUFFET,BRAS,buffet.bras@gmail.com
NERON,CHARLOTTE,neron.charlotte3408@gmail.com
MANTEAU,NADINE,manteau.nadine9363@orange.fr
KAHRAMAN,AH,ah.kahraman979@orange.fr
GASTON,NICOLAS,gaston.nicolas@gmail.com
BELAID,MAI,belaid.mai6567@laposte.net
MOUTAMA,PATRICIA,moutama.patricia@gmail.com
EL,JIN,jin.el@free.fr
MIQUET,AMOUR,amour@miquet.me
JAYAT,LOUISE,jayat.louise9662@live.fr
ONILLON,OLIVIER,onillon.olivier@wanadoo.fr
BAILLOT,MAURICE,maurice.baillot5144@wanadoo.fr
DEGRAVE,LAURA,degrave.laura3290@free.fr
BECUWE,AGATHE,becuwe.agathe2179@wanadoo.fr
PIERRARD,PHILIPPE,philippe@pierrard.net
DURIF,LOURDES,lourdes.durif@free.fr
AMADOR,ANNE,amador.anne5682@free.fr
SOL,ROSE,sol.rose4717@laposte.net
DESPRES,MARINE,marine.despres@gmail.com
AGUERRE,PAUL,paul.aguerre@wanadoo.fr
NELSON,OTTAVIO,nelson.ottavio3752@gmail.com
ISSARTEL,HENRI,henri.issartel6215@laposte.net
DUPRIEZ,PIERRE,pierre.dupriez@gmail.com
RABHI,MIGNON,rabhi.mignon@free.fr
MORISOT,MARIE,marie.morisot638@free.fr
HAZIZA,SYLVIE,sylvie.haziza@sfr.fr
FOUCHARD,REINE,reine.fouchard375@live.fr
CHARREAU,BRAS,bras.charreau@orangefr
DEPUYDT,URSULA,ursula.depuydt@laposte.net
CHAVE,CECILIA,chave.cecilia4615@orange.fr
BROWN,BRAS,bras.brown4378@gmail.com
DESBROSSES,LAURENT,laurent.desbrosses7290@wanadoo.fr
HOCHET,AKIRA,akira.hochet@free.fr
LEITE,AN,an.leite@gmail.com
PARFAIT,SIEGFRIED,siegfried.parfait5280@free.fr
LAGORCE,MARIE,lagorce.marie8447@live.fr
MASSON,ROMAN,roman.masson5657@orange.fr
SEIGNEUR,PERRINE,perrine.seigneur2782@free.fr
GENOT,ROSE,rose.genot@wanadoo.fr
SIMEON,ARISTIDE,aristide.simeon9554@gmail.com
GUENARD,RACHEL,rachel.guenard792@free.fr
DOUCE,NICOLAS,nicolas.douce@gmail.com
LEGAY,CONCHITA,conchita.legay8524@orange.fr
GERAUD,MARIE,marie.geraud5368@free.fr
DEBAILLEUL,JOSEPH,joseph.debailleul@orange.fr
HOCHARD,REINE,reine.hochard7757@sfr.fr
FLORENCE,FRANCK,franck.florence2796@free.fr
